"","Localidade","Variável","2010","2011","2012","2013","2014","2015","2016","2017","2018","2019","2020"
"1","Abatiá","Despesas Municipais por Função - Saúde (R$ 1,00)",1931855.82,3048049.75,2444394.84,2585903.08,4177398.04,3699889.54,4776789.8,4870640.41,5661764.99,5450210.59,5826829.3
"2","Adrianópolis","Despesas Municipais por Função - Saúde (R$ 1,00)",2695572.12,3440920.11,3672247.51,3898576.05,4772634.72,5803858.09,6081447.55,6873176.58,6660419.88,6915824.54,7059508.32
"3","Agudos do Sul","Despesas Municipais por Função - Saúde (R$ 1,00)",2805786.57,3071361.55,3561575.06,4079615.88,4406092.56,4983697.72,5157191.18,6380843.56,8106583.4,6444551.75,8830923.8
"4","Almirante Tamandaré","Despesas Municipais por Função - Saúde (R$ 1,00)",9998380.85,10258325.55,15191133.89,21192820.37,19314324.63,20570609.85,23060892.46,30183001.86,34350401.2,43956034.04,48127288.23
"5","Altamira do Paraná","Despesas Municipais por Função - Saúde (R$ 1,00)",2247280.32,2521482.94,2808619.07,2894565.28,3554234.21,3951264.2,4799406.06,4714088.72,5696064.63,5225846.41,5283878.17
"6","Alto Paraíso","Despesas Municipais por Função - Saúde (R$ 1,00)",2277446.37,2850219.29,3017042.48,3382305.28,4504626.84,5487521.04,4916808.84,5658726.66,5872218.22,5346975.89,6182358.57
"7","Alto Paraná","Despesas Municipais por Função - Saúde (R$ 1,00)",4248697.04,4602464.06,5835211.42,6042965.48,6970326.02,8316919.86,8590546.69,8756655.82,9810533.07,8734677.81,11189440.25
"8","Alto Piquiri","Despesas Municipais por Função - Saúde (R$ 1,00)",3495857.88,3986825.07,4655759.28,4436648.95,6223137.79,7683912.3,7856124.52,9196327.75,9356307.7,8909517.36,10488639.04
"9","Altônia","Despesas Municipais por Função - Saúde (R$ 1,00)",7678299.24,8604652.41,9816024.42,11526527.21,13094027.48,14053217.84,15477887.22,15683286.63,15938003.62,16833416.96,17182312.63
"10","Alvorada do Sul","Despesas Municipais por Função - Saúde (R$ 1,00)",3343781.5,4338294.96,5735101.19,6532719.77,6595151.88,7438731.69,9661684.09,8263986.03,9528592.09,10381594.82,10810471.12
"11","Amaporã","Despesas Municipais por Função - Saúde (R$ 1,00)",2238715.53,2675760.86,3602791.43,3632287.74,4851300.96,5360324.58,6272295.76,6409158.65,6879711.81,7242365.9,7055174.61
"12","Ampére","Despesas Municipais por Função - Saúde (R$ 1,00)",5899508.58,5796819.75,7324661.44,8680474.18,10804892.52,10438939.18,12068930.39,10820016.09,11066182.09,11827247.96,15384392.98
"13","Anahy","Despesas Municipais por Função - Saúde (R$ 1,00)",1633803.52,1570646.81,2162073.71,2347161.42,2986390.71,3338542.9,3495166.76,3236143.2,4355298.74,3982561.94,4755047.18
"14","Andirá","Despesas Municipais por Função - Saúde (R$ 1,00)",4995214.87,7227024.15,8213459.31,8835060.96,9378422.79,10835219.3,11796469.4,12708455.98,14324371.88,15712714.57,17481311.93
"15","Ângulo","Despesas Municipais por Função - Saúde (R$ 1,00)",1562727.34,1832600.76,2197919.36,2634201.56,2829911.63,3375211.97,4158722.81,4390559.45,4578258.04,4184045.36,4650046.29
"16","Antonina","Despesas Municipais por Função - Saúde (R$ 1,00)",6376498.57,11119872.01,9432555.32,9236615.02,11685265.7,13195460.99,12097886.68,14657731.95,15898071.73,16007319.27,19805200.88
"17","Antônio Olinto","Despesas Municipais por Função - Saúde (R$ 1,00)",2545394.95,2852626.16,3107495.07,4145329.72,4903209.34,5459750.58,6403094.04,6049290.08,6841639.07,6514771.87,6848641.67
"18","Apucarana","Despesas Municipais por Função - Saúde (R$ 1,00)",48676582.79,53684273.07,59738314.36,63522250.85,84627933.19,86194249.69,99343857.64,104639197.35,117097160.09,122736677.87,141094067.21
"19","Arapongas","Despesas Municipais por Função - Saúde (R$ 1,00)",21956912.52,27809155.21,30282310.1,34879406.52,45435542.87,50370262.03,52142682.15,59591875.8,64980271.11,70282870.89,79528585.85
"20","Arapoti","Despesas Municipais por Função - Saúde (R$ 1,00)",10316689.55,11436987.88,13145995.6,13227054.38,14152318.12,19765486.66,18614438.75,19174445.34,19957951.38,22092437.88,26150614.64
"21","Arapuã","Despesas Municipais por Função - Saúde (R$ 1,00)",2200173.12,2545063.68,2777907.57,3111572.75,3698561.61,3967141.23,4530729.22,5070820.14,6096426.3,4718966.68,4918308.14
"22","Araruna","Despesas Municipais por Função - Saúde (R$ 1,00)",4066167.41,4456149.26,5485277.27,6342072.34,8350469.09,9427075.46,9367803.82,11670096.98,11565429.34,12611961.82,16587346.9
"23","Araucária","Despesas Municipais por Função - Saúde (R$ 1,00)",91193257.24,112590202.29,126264237.94,145690634.19,144665062.1,150714266.84,155111642.65,178925989.28,185049174.27,183409344.02,199269212.11
"24","Ariranha do Ivaí","Despesas Municipais por Função - Saúde (R$ 1,00)",1551393.85,2037575.01,2859000.6,2244860.2,2614868.32,3142304.04,3630860.98,3584946.8,4745024.68,4597237.91,4028326.48
"25","Assaí","Despesas Municipais por Função - Saúde (R$ 1,00)",4894427.95,4946821,6116967.11,7578737.84,9792121.69,10688399.91,12024487.59,10287534.69,11416591.47,11180131,12266494.45
"26","Assis Chateaubriand","Despesas Municipais por Função - Saúde (R$ 1,00)",7297117.36,8651758.35,10762761.72,11435818,14701270.27,18733933.72,22389725.22,27233293.99,27412315.26,30602757.55,32111087.47
"27","Astorga","Despesas Municipais por Função - Saúde (R$ 1,00)",6684052.65,6817964.13,9122534.79,10406258.39,11254965.8,12569958.45,14061327.5,17428599.29,17309316.91,17859717.72,18238331.33
"28","Atalaia","Despesas Municipais por Função - Saúde (R$ 1,00)",2198048.73,2034634.43,2352847.74,2620848.33,3049936.93,3570343.32,3781954.18,4450571.15,5210548.62,5102897.66,5665212.46
"29","Balsa Nova","Despesas Municipais por Função - Saúde (R$ 1,00)",5472360.84,5963927.61,6833340.89,7310251.97,8871351.9,10042978.55,11252600.03,11600115.7,11552174.78,11564807.92,14391648.45
"30","Bandeirantes","Despesas Municipais por Função - Saúde (R$ 1,00)",6603341.85,7015280.27,8689468.84,9658170.6,10670756.13,12343235.98,14344720.4,15471130.42,16307191.45,16301815.6,17889455.14
"31","Barbosa Ferraz","Despesas Municipais por Função - Saúde (R$ 1,00)",4686399.21,5227194.87,5182092.42,6353340.14,7545164.15,8304159.46,10063227.63,9522144,12382165.88,11065058.87,13353306.51
"32","Barra do Jacaré","Despesas Municipais por Função - Saúde (R$ 1,00)",1956332,2194970,2144994,2082737.91,2609250.89,2899600.47,3090950.05,3621823.46,3898620.86,3699209.47,3749413.99
"33","Barracão","Despesas Municipais por Função - Saúde (R$ 1,00)",3170767.08,3886062.71,4881537.97,5249223.01,6875886.82,7466525.73,9396805.31,9144416.22,10656877.44,9929618.35,9996300.42
"34","Bela Vista da Caroba","Despesas Municipais por Função - Saúde (R$ 1,00)",1611005.55,1932587.51,1940365.04,2626188.19,3503983.42,3767241.24,3992743.52,3916651.24,3872837.75,4166271,3869537.48
"35","Bela Vista do Paraíso","Despesas Municipais por Função - Saúde (R$ 1,00)",5239250.23,6200367.84,6978150.29,7681324.8,9417641,10115140.59,12762826.75,11873138.59,13325204.28,14371384.04,13583312.71
"36","Bituruna","Despesas Municipais por Função - Saúde (R$ 1,00)",8053717.55,8554088.9,9764481.53,10335959.89,11382811.95,10875707.36,12785698.12,12287753.54,14647815.52,14966293.47,16185112.22
"37","Boa Esperança","Despesas Municipais por Função - Saúde (R$ 1,00)",2120242.73,2888383.67,2701069.28,2788757.43,3389383.73,3569760.49,4057082.55,4298571.03,5260337.85,5383781.39,5815183.98
"38","Boa Esperança do Iguaçu","Despesas Municipais por Função - Saúde (R$ 1,00)",1538356.99,1841988.09,2018577.45,2445488.12,2788753.93,2952188.27,3246507.87,3307738.69,3704528.82,3559171.01,4115728.99
"39","Boa Ventura de São Roque","Despesas Municipais por Função - Saúde (R$ 1,00)",2177689.97,2613610.27,3144457.92,3127287.69,4247324.15,3915688.47,5313839.87,4784911.49,6453946.42,4999002.89,5719391.13
"40","Boa Vista da Aparecida","Despesas Municipais por Função - Saúde (R$ 1,00)",3565762.38,3844357.55,4581089.15,5145644.37,5427878.52,6480674.72,8613285.28,8233609.25,7959486.11,8698930.36,10262783.68
"41","Bocaiúva do Sul","Despesas Municipais por Função - Saúde (R$ 1,00)",3952599.43,4762848.48,5593330.63,5210571.57,6264722.09,6314795.22,6781008.99,6971550.84,7858118.75,8738331.64,11294939.8
"42","Bom Jesus do Sul","Despesas Municipais por Função - Saúde (R$ 1,00)",1811251.97,1964579.99,2183142.64,3021147.46,2983598.68,3331922.18,4083413.68,4005372.99,4686090.04,4583717.08,4624920.31
"43","Bom Sucesso","Despesas Municipais por Função - Saúde (R$ 1,00)",3179673.01,2903937.64,3584362.25,3270378.79,3871642.03,4898482.92,6239807.8,6743324.75,8678756.79,6218170.84,7578365.22
"44","Bom Sucesso do Sul","Despesas Municipais por Função - Saúde (R$ 1,00)",1621358.22,1937513.99,2209467,2480418.12,2873749.64,3359505.35,4235294.76,4612082.83,6064204.74,5963087.39,5711058.96
"45","Borrazópolis","Despesas Municipais por Função - Saúde (R$ 1,00)",2744444.33,3027326.01,3870864.95,4320553.87,4598368.08,4901111.89,6569571.87,6276809.49,6187623.32,6590291.2,8328694.63
"46","Braganey","Despesas Municipais por Função - Saúde (R$ 1,00)",2220665.63,2915936.26,2487100.3,2904973.71,3754686.67,3510244.19,4266676.2,4517653.44,5728599.68,5055821.82,5127565.01
"47","Brasilândia do Sul","Despesas Municipais por Função - Saúde (R$ 1,00)",2142147.93,2417563.46,2805912.16,3143932.49,3618782.83,4424313.47,4361057.22,4864247.06,5459114.47,5932822.65,6131462.98
"48","Cafeara","Despesas Municipais por Função - Saúde (R$ 1,00)",1534264.09,1791085.86,2158958.32,2483670.8,3178510.32,3385734.28,3253173.33,3411867.19,4078384.22,4160672.11,4399716.29
"49","Cafelândia","Despesas Municipais por Função - Saúde (R$ 1,00)",5466288.18,6642628.98,8425075.16,8900634.46,11928155.76,12621714.71,15226546.26,14689254.58,16953958.88,17927297.47,16930292.67
"50","Cafezal do Sul","Despesas Municipais por Função - Saúde (R$ 1,00)",2061484.3,2325829.82,2401594.53,2803824.55,4486310.72,3361295.45,4152575.43,4852820.93,5570676.07,5320934.98,6603926.33
"51","Califórnia","Despesas Municipais por Função - Saúde (R$ 1,00)",2280783.41,2374098.41,3278076.32,2828273.35,4307424.33,4295866.78,5273705.77,5179248.63,8095817.7,6504655.96,8321348.07
"52","Cambará","Despesas Municipais por Função - Saúde (R$ 1,00)",8005686,7993627.26,9164883.32,10508858.27,14741290.68,14469319.43,15448308.57,15436118.35,17188024.83,17092896.67,18973094.5
"53","Cambé","Despesas Municipais por Função - Saúde (R$ 1,00)",30052256,35206317,38673621,44343698.34,46298104.12,50274913.21,59085019.49,60989029.08,66304262.24,66612952.67,75623384.17
"54","Cambira","Despesas Municipais por Função - Saúde (R$ 1,00)",2510211.76,3052412.7,427424.6,3655566.46,4049930.68,4796932.27,5320721.05,4709224.8,6204102.74,6474114.27,7529248.51
"55","Campina da Lagoa","Despesas Municipais por Função - Saúde (R$ 1,00)",4628132.96,5703850.75,6836826.15,6888162.36,8207099.57,9717235.19,11904785.81,9943157.5,12597726.59,11819802.5,12543598.04
"56","Campina do Simão","Despesas Municipais por Função - Saúde (R$ 1,00)",1997973.49,2442382.92,2772394.82,2870322.05,3267321.71,3515529.09,4153839.83,3727175.71,4117816.95,4221615.26,4601414.47
"57","Campina Grande do Sul","Despesas Municipais por Função - Saúde (R$ 1,00)",9519779.48,11290557.31,13467052.17,14512827.87,15999987.65,16321884.73,16410833.33,19401343.79,21896175.87,21788769.11,26320241.98
"58","Campo Bonito","Despesas Municipais por Função - Saúde (R$ 1,00)",2141825.48,2509285.87,2858874.73,2871237.58,3440916.89,3613068.79,3762095.65,4292910.48,4459200.24,NA,4692167.78
"59","Campo do Tenente","Despesas Municipais por Função - Saúde (R$ 1,00)",2561761.79,2854439.32,3031362.03,3907287.73,4030292,5076738.07,4707430.59,5714375.64,6330260.83,5608241.66,6413946.46
"60","Campo Largo","Despesas Municipais por Função - Saúde (R$ 1,00)",25149460.27,29491815.19,34902994.6,38192404.85,43701339.18,47401093.3,50739441.99,54679047.45,58086039.04,62148048.09,71932376.69
"61","Campo Magro","Despesas Municipais por Função - Saúde (R$ 1,00)",8402268.9,9385867.33,12453083.52,9720368.99,12015022.23,13769869.75,15840064.31,16424697.65,18021485.25,18983939.73,20764751.43
"62","Campo Mourão","Despesas Municipais por Função - Saúde (R$ 1,00)",42039731.08,43725655.37,51683230.93,63217939.3,67630115.68,72162634.96,77016773.13,80452766.7,96291470.87,101475284.9,120760045.39
"63","Cândido de Abreu","Despesas Municipais por Função - Saúde (R$ 1,00)",6037182.16,6051799.94,5719561.82,7168320.86,9025883.03,8667636.65,10240024.07,10742768.16,10695611.76,11131401.4,12588047.21
"64","Candói","Despesas Municipais por Função - Saúde (R$ 1,00)",5396506.8,5731415.78,6739295.62,7658488.87,8662302.44,8829163.2,11978694.52,10776830.07,12357695.31,11942451.15,12288371.09
"65","Cantagalo","Despesas Municipais por Função - Saúde (R$ 1,00)",3280175.12,3614573.46,4363342.37,4467047.4,4897529.45,5587160.36,6040594.51,5541024.79,7812810.9,6661261.13,7305309.72
"66","Capanema","Despesas Municipais por Função - Saúde (R$ 1,00)",5550420.58,6155176.18,7961044.27,8251118.36,11933155.54,9466170.54,12588412.84,13585310.13,15474188,14999739.12,16932805.33
"67","Capitão Leônidas Marques","Despesas Municipais por Função - Saúde (R$ 1,00)",4573955.12,4815507.67,5733355.34,6307992.03,8675177.71,10315200.11,11748714.05,12833355.83,15473512.97,14914098.93,16020926.76
"68","Carambeí","Despesas Municipais por Função - Saúde (R$ 1,00)",7390427.28,9125513.7,10729159.19,14225138.08,17268872.64,18189669.51,19335563.29,20069823.32,22507383.98,20560457.09,21655555.6
"69","Carlópolis","Despesas Municipais por Função - Saúde (R$ 1,00)",4183109.45,4705049.44,6185550,6721907.04,6987816.87,8691513.77,8804049.45,11237477.79,12591063.2,14596520.62,NA
"70","Cascavel","Despesas Municipais por Função - Saúde (R$ 1,00)",70381730.44,86073031.9,97594013.31,106309559.49,138316692.81,153901553.11,178071431.87,197015838.17,247832591.74,269564941.76,301112404.13
"71","Castro","Despesas Municipais por Função - Saúde (R$ 1,00)",21398484.83,23792466.56,28307672.73,31576704.01,34139222.41,37741081.26,45865644.3,47602650.01,53989500.39,61865808.24,62413995.6
"72","Catanduvas","Despesas Municipais por Função - Saúde (R$ 1,00)",3417962.32,3647027.61,4641080.96,3133123.05,4207622.1,5223983.26,5828760.84,6585963.68,7183322.21,7692113.22,9271627.47
"73","Centenário do Sul","Despesas Municipais por Função - Saúde (R$ 1,00)",5283990.8,3903588.74,4671855.8,5750704.17,6051532.25,6964123.81,8121968.64,9426910.39,8691971.86,8844815.44,10103292.97
"74","Cerro Azul","Despesas Municipais por Função - Saúde (R$ 1,00)",4268742.42,5580527.75,6696420.61,8337266.75,8862330.12,8883114.71,9960828.24,9718410.44,10903275.58,9643227.32,NA
"75","Céu Azul","Despesas Municipais por Função - Saúde (R$ 1,00)",4579731.84,5016391.47,7079598.13,6727323.71,9041620.48,9204486.53,10108521.41,10434580.19,10801637.72,11971215.68,11587690.25
"76","Chopinzinho","Despesas Municipais por Função - Saúde (R$ 1,00)",6645539.85,7857269.31,10204461.23,12622570.93,16988076.61,17842150.26,20065598.74,21272046.69,24483212.88,26793367.5,32087307.7
"77","Cianorte","Despesas Municipais por Função - Saúde (R$ 1,00)",29490388.85,36655397.98,47542051.77,53945957.85,56299208.59,64703275.48,76507666.57,77601496.09,80853182,89680485.41,102064205.72
"78","Cidade Gaúcha","Despesas Municipais por Função - Saúde (R$ 1,00)",3759870.86,4037378.53,5193717.2,5453469.33,6528072.67,8491436.75,8153388.91,9501594.86,10141006.05,11574017.5,14079198.07
"79","Clevelândia","Despesas Municipais por Função - Saúde (R$ 1,00)",4291827.32,5400963.42,6409936.72,6831187.36,9105517.42,11410896.97,12545362.63,12704965.66,12185523.72,13058536.44,15829061.28
"80","Colombo","Despesas Municipais por Função - Saúde (R$ 1,00)",38156137.34,43085514.32,48372733.23,55819949.77,59985164.58,59887192.86,73822028.08,74552956.51,77295437.7,82132461.69,94025297.87
"81","Colorado","Despesas Municipais por Função - Saúde (R$ 1,00)",5862202.74,7244351.63,15532000.13,11800526.14,13939066.03,15090699.46,16749426.89,19785748.15,30310568.39,28701592.85,36260909.27
"82","Congonhinhas","Despesas Municipais por Função - Saúde (R$ 1,00)",NA,4011544.01,109753.16,1796428.78,325158.83,124389.57,7956890.05,6352811.83,10877501.39,9109664.55,25008208.44
"83","Conselheiro Mairinck","Despesas Municipais por Função - Saúde (R$ 1,00)",1960558.55,2165154.71,2537891.95,2641508.92,2891851.84,3579596.68,4227535.84,4554185.5,5474814.98,4976199.47,5851215.87
"84","Contenda","Despesas Municipais por Função - Saúde (R$ 1,00)",3952108.24,4823765.04,6389143.09,6745486.15,7981841.41,8669839.8,9643669.35,9975827.68,10632382.61,12237177.79,14877095.58
"85","Corbélia","Despesas Municipais por Função - Saúde (R$ 1,00)",5410777.51,5970474.98,7348633.34,7240189.53,10342404.37,13003247.73,14577888.64,13355882.04,16382896.01,16430147.15,21140311.87
"86","Cornélio Procópio","Despesas Municipais por Função - Saúde (R$ 1,00)",14037107.83,15813826.79,33201996,31168641.3,29677555.21,35059956.4,34354650.47,34658523.67,48404298.2,39526467.21,44606029.91
"87","Coronel Domingos Soares","Despesas Municipais por Função - Saúde (R$ 1,00)",2772950.43,3286669.44,3771458.08,4911650.96,5503011.31,5686587.72,7052482.09,6830797.7,7842133.13,8197022.35,9128365.15
"88","Coronel Vivida","Despesas Municipais por Função - Saúde (R$ 1,00)",7909128.8,8305676.93,10103475.4,12767492.94,16861770.9,18444397.98,20164215.77,20737239.81,23694360.46,24342910.03,27062044.56
"89","Corumbataí do Sul","Despesas Municipais por Função - Saúde (R$ 1,00)",1842119.26,2401948.11,2604924.74,3400229.9,3696162.15,4014649.32,4406428.14,4719216.64,5567439.06,5161935.78,6419824.02
"90","Cruz Machado","Despesas Municipais por Função - Saúde (R$ 1,00)",7484034,8098063.4,9135864.28,10048720.14,13133846.1,14658957.17,16545447.64,17075370.91,17276770.53,16483050.12,18028258.71
"91","Cruzeiro do Iguaçu","Despesas Municipais por Função - Saúde (R$ 1,00)",2148782.28,2486207,2781308.36,3521249.65,3573279.4,3699979.79,4543837.92,4853922.34,5665418.97,5533900.54,5424117.1
"92","Cruzeiro do Oeste","Despesas Municipais por Função - Saúde (R$ 1,00)",7122173.1,7105380.7,9132450.08,11035382.85,13978963.09,15489533.57,18402746.51,19373431.05,21011286.72,20755353.08,26650429.53
"93","Cruzeiro do Sul","Despesas Municipais por Função - Saúde (R$ 1,00)",2237431.22,NA,2920138.66,3269008.03,4657457.17,5431221.38,5682408.31,6347721.13,6064637.01,6789094.31,6693063.02
"94","Cruzmaltina","Despesas Municipais por Função - Saúde (R$ 1,00)",1352651.83,1707096.32,2210388.91,2185674.21,3149248.52,3439732.75,4000221.96,4316053.21,4517661.03,4864027.2,5368681.62
"95","Curitiba","Despesas Municipais por Função - Saúde (R$ 1,00)",798637556.04,907179049.57,1057332974.23,1351465732.07,1455113933.26,1473694619.6,1527489178.16,1653788358.47,1667831257.73,1862755408.74,2106271850.59
"96","Curiúva","Despesas Municipais por Função - Saúde (R$ 1,00)",4108586.21,4451308.28,5669826.74,NA,7643796.01,7155623.81,8005165.06,7750995.24,9279446.72,9369892.41,10093253.77
"97","Diamante do Norte","Despesas Municipais por Função - Saúde (R$ 1,00)",3360008.28,3132655.9,4092494.25,4001706.53,5094646.44,5436018.24,7028581.05,6607955.69,7154642.43,7181978.79,7188963.96
"98","Diamante do Sul","Despesas Municipais por Função - Saúde (R$ 1,00)",1688193.45,1848967.65,2069893.49,NA,2405031.61,2537438.7,3028999.8,3309983.21,3695270.57,3436907.21,3950773.48
"99","Diamante D'Oeste","Despesas Municipais por Função - Saúde (R$ 1,00)",2546779.83,2834869.9,2408025.15,3625892.13,3909968.3,4253514.77,4870686.16,5430830.67,6970283.83,7055543.67,6358993.52
"100","Dois Vizinhos","Despesas Municipais por Função - Saúde (R$ 1,00)",12981351.03,14449603.06,18466734.94,19870447.72,25511764.48,26988894.74,30566516.52,34101089.15,36332904,38976165.07,43125109
"101","Douradina","Despesas Municipais por Função - Saúde (R$ 1,00)",3984523.82,4319892.07,5194530.43,5589838.74,4940506.24,5805798.33,9130824.69,7768262.54,9610253.72,9314278.63,11238626.94
"102","Doutor Camargo","Despesas Municipais por Função - Saúde (R$ 1,00)",2056334.32,2426962.48,2913510.06,3635748.23,3901268.33,4174388.76,5355282.9,5392458.02,6125802.85,5883729.83,6463962.08
"103","Doutor Ulysses","Despesas Municipais por Função - Saúde (R$ 1,00)",1983015.31,2206335.31,3093952.69,3173064.75,3027444.15,2959076.42,3529554.42,4257614.07,4898375.55,5562614.45,4698436.28
"104","Enéas Marques","Despesas Municipais por Função - Saúde (R$ 1,00)",2360392.96,3184025.63,3372676.96,3644526.76,4469107.12,4509195.48,5743121.93,5825189.91,7538045.45,7126781.82,8057498.54
"105","Engenheiro Beltrão","Despesas Municipais por Função - Saúde (R$ 1,00)",4776522.76,5607776.91,6916577.5,7995326.68,9647805.33,9808408.71,11070208.84,9686796.57,11926607.71,12182779.69,14066110.49
"106","Entre Rios do Oeste","Despesas Municipais por Função - Saúde (R$ 1,00)",2473800.05,2707143.68,3182657.02,3300835.7,4388785.97,4842521.84,4877821.71,5468644.87,6673507.93,6570081.15,8015445.3
"107","Esperança Nova","Despesas Municipais por Função - Saúde (R$ 1,00)",1296221.84,1794576.21,1802912.85,1742240.84,2229777.32,2663714.21,2895316.98,2993818.33,3904247.3,3427420.76,3590862.59
"108","Espigão Alto do Iguaçu","Despesas Municipais por Função - Saúde (R$ 1,00)",1842625.46,2316896.87,3051815.36,2579506.11,3930588.77,3748781.78,3832558.28,3863781.49,4597794.1,4058011.56,4554237.43
"109","Farol","Despesas Municipais por Função - Saúde (R$ 1,00)",1896389.38,2176947.73,2372961.04,2559213.2,2861039.33,3531014,4189668.01,3447831.11,4665410.71,4218558.03,5057297.38
"110","Faxinal","Despesas Municipais por Função - Saúde (R$ 1,00)",5385734.77,6297247.86,7493250.37,8917067.95,8920142.97,9934119.19,11951492.03,12631685.44,14529941.44,15143773.84,15484298.79
"111","Fazenda Rio Grande","Despesas Municipais por Função - Saúde (R$ 1,00)",15295537.77,20642317.53,28463118.37,27274821.83,29699943.34,35756591.85,39775169.44,NA,44807597.47,47137247.19,68231258.91
"112","Fênix","Despesas Municipais por Função - Saúde (R$ 1,00)",1790522.32,1919560.17,2573623.25,3284449.64,3805098.71,4976583.81,5240629.84,5113510.86,6428457.77,5002744.73,6095689.55
"113","Fernandes Pinheiro","Despesas Municipais por Função - Saúde (R$ 1,00)",2811465.84,3091502.25,3683191.38,4676957.21,5046383.35,5719330.64,6213495.67,6768024.21,6572966.78,6573965.77,7289827.95
"114","Figueira","Despesas Municipais por Função - Saúde (R$ 1,00)",2667633.59,2827154.09,3368198.24,3756588.52,5187764.15,5747366.76,6451776.09,6314521.62,7018069.61,6579247.33,8323260.94
"115","Flor da Serra do Sul","Despesas Municipais por Função - Saúde (R$ 1,00)",2085253.87,2386689.57,2656497.87,2882681.75,3722527.26,4403037.24,4794203.98,4388343.78,5199767.32,5608373.31,5672244.23
"116","Floraí","Despesas Municipais por Função - Saúde (R$ 1,00)",2475779.13,3073198.9,3927605.16,4122466.65,5087556.45,5118297.04,5559159.07,5816753.96,6440020.43,5763744.96,6674645.71
"117","Floresta","Despesas Municipais por Função - Saúde (R$ 1,00)",2538798.52,2729482.54,3771312.5,3447623.07,4577952.43,5054614.03,6357042.83,6060628.57,7143606.23,7550280.33,8609774.29
"118","Florestópolis","Despesas Municipais por Função - Saúde (R$ 1,00)",4856904.71,4672227.29,6172211.76,6226242.05,8638267.64,7725390.36,8658514.49,9249447.44,10789675.07,10082570.7,12365650.19
"119","Flórida","Despesas Municipais por Função - Saúde (R$ 1,00)",1537506.77,1982424.21,2111356.04,2174221.37,2558986.73,3083124.7,4093679.49,4158554.72,4740407.13,4614676.83,5650622.17
"120","Formosa do Oeste","Despesas Municipais por Função - Saúde (R$ 1,00)",2997529.19,3147884.25,3789219.43,4097718.8,5265350.18,5090897.26,6191417.48,5692624.23,6068780.81,7161628.73,7035432.08
"121","Foz do Iguaçu","Despesas Municipais por Função - Saúde (R$ 1,00)",136073709.74,159090663.97,181204754.71,191575445.17,212718751.8,222277572.34,229802568.22,249295860.47,272383642.75,314623339.85,370275670.07
"122","Foz do Jordão","Despesas Municipais por Função - Saúde (R$ 1,00)",2107535.33,2491642.79,3106296.22,3731829.34,3534306.01,3883427.97,5111254.09,4419046.46,5308798.5,4782931.01,5633054.8
"123","Francisco Alves","Despesas Municipais por Função - Saúde (R$ 1,00)",2516691,3083038.41,3667301.71,4136552.88,5380159.23,5752814.82,6672727.79,6341884.24,7097349,7158511.68,NA
"124","Francisco Beltrão","Despesas Municipais por Função - Saúde (R$ 1,00)",32742845.99,39350387.81,44539149.14,51197142.56,62378952.7,73068928.93,77692369.89,87178935.54,103937549.88,117166069.46,124439213.63
"125","General Carneiro","Despesas Municipais por Função - Saúde (R$ 1,00)",4385414.36,5017396.81,5631751.85,6606691.09,7564504.97,8648117,8847768.34,9715957.16,9329563.17,7976238.2,8571831.83
"126","Godoy Moreira","Despesas Municipais por Função - Saúde (R$ 1,00)",1677790.29,1911954.72,1972554.22,2788430.61,3258294.1,4175872.98,4493016,4398490.11,4932270.6,NA,4460357.38
"127","Goioerê","Despesas Municipais por Função - Saúde (R$ 1,00)",NA,12508426.6,12130932.64,14460013.1,15254368.82,15602207.64,18167241.95,19001154.71,21729978.73,22784919.7,29551862.04
"128","Goioxim","Despesas Municipais por Função - Saúde (R$ 1,00)",2541492.27,2706638.46,3179290.16,3567247.91,3270816.76,3900891.91,4413463.76,4323691.69,5801864.11,5618411.17,6154228.02
"129","Grandes Rios","Despesas Municipais por Função - Saúde (R$ 1,00)",2988307.48,3359186.25,3395547.34,3943948.31,4367671.33,4852200.43,5051814.88,5653536.93,5808399.9,5899819.76,5808345.37
"130","Guaíra","Despesas Municipais por Função - Saúde (R$ 1,00)",7425695.13,9113762.36,10851296.02,14748960.9,17078045.99,16865824.64,22378528.11,26100087.16,29168008.35,29726225.52,38771451.02
"131","Guairaçá","Despesas Municipais por Função - Saúde (R$ 1,00)",3327351.27,3406773.85,4299232.63,4322917.41,4679978.41,6300342.7,7487685.96,6233012.21,8352629.99,8320673.65,8957491.4
"132","Guamiranga","Despesas Municipais por Função - Saúde (R$ 1,00)",2967463.19,3421270.78,4004307.13,4862768.48,4935856.82,5829271.75,6607728.74,5998455.63,6886246.67,7427088.93,8275108.39
"133","Guapirama","Despesas Municipais por Função - Saúde (R$ 1,00)",2124376.34,2680780.7,3046901.89,3034746.94,3939032.8,3745211.34,4924129.12,5013549.31,5721368.18,6078144.76,6683364.01
"134","Guaporema","Despesas Municipais por Função - Saúde (R$ 1,00)",1453128.46,1844460.8,1895348.05,1894733.16,3301360.1,2493747.94,3034288.56,3287726.93,3483604.91,3293703,3402478.5
"135","Guaraci","Despesas Municipais por Função - Saúde (R$ 1,00)",2272030.42,2134473.58,2977347.88,3174385.14,3899556.1,4444303.33,5001140.32,5127612.44,5867238.38,7191122.84,6702582.83
"136","Guaraniaçu","Despesas Municipais por Função - Saúde (R$ 1,00)",4747378.02,4875460.01,6977734.78,6923078.22,7910184.56,8591268.32,10116892.59,9658047.75,11444391.77,12150927.85,12277088.63
"137","Guarapuava","Despesas Municipais por Função - Saúde (R$ 1,00)",36104622.2,39982000.53,51935215.07,55875988.63,74733709.49,79209680.09,91062719.28,86145159.32,94034939.51,104913889.21,132355807.09
"138","Guaraqueçaba","Despesas Municipais por Função - Saúde (R$ 1,00)",3247240.16,3289035.54,3534419.96,3674207.21,5235432.5,4841528.46,7138117.82,5464822.34,5517904.36,6498410.19,7164744.43
"139","Guaratuba","Despesas Municipais por Função - Saúde (R$ 1,00)",10043269.62,13083370.84,17409957.21,18892179.7,20399698.76,23474069.6,28335815.58,33174799.97,37365437.56,39665343.81,49299961.58
"140","Honório Serpa","Despesas Municipais por Função - Saúde (R$ 1,00)",2605782.36,2986614.33,3635508.05,5089493.54,4484182.52,4911628.01,7121989.93,4948484.93,6543878.81,7012436.84,8090262.08
"141","Ibaiti","Despesas Municipais por Função - Saúde (R$ 1,00)",456691.21,333299.83,776505.08,341653.39,872266.61,1094457.84,1495061.88,3845391.33,5301641.76,24207058.58,30912860.58
"142","Ibema","Despesas Municipais por Função - Saúde (R$ 1,00)",2301735.82,2494672.91,2818151.62,2820023.44,3621717.38,4063099.28,4273362.63,4720736.15,6001365.99,6325066.46,6279595.38
"143","Ibiporã","Despesas Municipais por Função - Saúde (R$ 1,00)",13284625.72,18797687.42,22468787,22749696.14,27045072.22,31219505.79,35416482.16,37598238.36,42780196.89,42708987.67,47860485.35
"144","Icaraíma","Despesas Municipais por Função - Saúde (R$ 1,00)",2902771.89,3655243.87,4704509.42,4930630.81,6054714.18,6814890.17,7499083.1,8027168.91,9087783.22,9322147.29,9625111.61
"145","Iguaraçu","Despesas Municipais por Função - Saúde (R$ 1,00)",1921681.67,2400013.19,2973889.37,4214706.21,4564557.54,5201917.33,5503017.12,5318506.96,6547058.13,5915147.16,6302031.81
"146","Iguatu","Despesas Municipais por Função - Saúde (R$ 1,00)",1358996.8,1531076.99,1872452.21,2146196.38,2727962.18,3152785.99,3147733.75,3203678.1,3321220.93,3239680.4,4439132.14
"147","Imbaú","Despesas Municipais por Função - Saúde (R$ 1,00)",2381554.99,3287444.1,4324925.09,4394726.59,5973901.57,6082312.56,6037186.34,6307489.82,7394128.61,7554552.98,8976267.97
"148","Imbituva","Despesas Municipais por Função - Saúde (R$ 1,00)",9319864.95,9829770.42,12238788,13066569.43,14888038.07,15911157.06,18317760.77,20884058.56,20551641.16,23494754.56,24127435.66
"149","Inácio Martins","Despesas Municipais por Função - Saúde (R$ 1,00)",3994743.63,3391875.45,4538710.94,4746165.19,6164206.34,6915324.57,6489974.17,7389024.57,7570441.59,7900873.42,9505664.18
"150","Inajá","Despesas Municipais por Função - Saúde (R$ 1,00)",1736370.03,1888680.05,2130679.87,NA,3021112.4,3376153.07,3548597.76,4501975.62,5054586.31,5989989.31,4734076.21
"151","Indianópolis","Despesas Municipais por Função - Saúde (R$ 1,00)",2095768.9,2423791.03,2888860.05,3262246.95,4005559.48,4367509.38,5060788.05,5642112.84,5837006.12,6073308.04,6520575.57
"152","Ipiranga","Despesas Municipais por Função - Saúde (R$ 1,00)",4714590.82,5185590.91,6724389.45,7552540.65,8933219.12,10688897.44,11870346.19,11927774.77,12795495.09,11654598.09,13529289.39
"153","Iporã","Despesas Municipais por Função - Saúde (R$ 1,00)",5014839.11,6078372.15,7042710.23,6718968.38,9736132.38,9093233.22,10188587.7,9288522.63,10891791.11,11079748.57,13650624.35
"154","Iracema do Oeste","Despesas Municipais por Função - Saúde (R$ 1,00)",1425861.5,1726391.11,1862435.58,2040157.55,2390790.68,2739445.7,2999601.43,3118947.77,3543414.34,2987993.87,3791460.68
"155","Irati","Despesas Municipais por Função - Saúde (R$ 1,00)",9131372.43,11262878.12,14461685.57,14754629.08,20890551.35,22145583.62,22228744.29,26542637.21,29887062,29737075.47,31852456.28
"156","Iretama","Despesas Municipais por Função - Saúde (R$ 1,00)",3211552.44,3848122.18,5599254.13,5222532.33,6844167.74,7046398.4,8425613.17,9160476.25,9949914.33,10867038.21,12001256.45
"157","Itaguajé","Despesas Municipais por Função - Saúde (R$ 1,00)",1773320.79,2315648.03,2340041.45,3269008.03,3559373.57,3681481.13,3587443.08,4716861.19,4390487.99,4968680.93,4400917.88
"158","Itaipulândia","Despesas Municipais por Função - Saúde (R$ 1,00)",7050053.58,8108928.18,NA,12548017.87,14281333.59,13862960.1,16136077.14,21809174.16,19723319.42,23570351.85,30008350.13
"159","Itambaracá","Despesas Municipais por Função - Saúde (R$ 1,00)",2648650.19,3106155.06,3361752.09,3751687.8,4164102.71,5059537.67,4900139.76,5696028.02,6099351.36,6149325.18,6991507.3
"160","Itambé","Despesas Municipais por Função - Saúde (R$ 1,00)",2818054.47,2843942.49,3891320.52,4066007.8,4480741.32,5018813.79,5196676.51,5532215.14,6229344.88,6335907.07,6731570.69
"161","Itapejara d'Oeste","Despesas Municipais por Função - Saúde (R$ 1,00)",3681399.64,4757441.5,5270056.2,6004783.79,7324234.32,7665155.21,9324514.28,10742084.92,10950697.81,12015294.97,12602532.19
"162","Itaperuçu","Despesas Municipais por Função - Saúde (R$ 1,00)",3993291.95,5024748.06,6685254.39,6889689.49,7707140.98,7610594.13,9369080.67,10442080.8,13122479.23,12537546.31,15478285.64
"163","Itaúna do Sul","Despesas Municipais por Função - Saúde (R$ 1,00)",1979461.01,2557758.36,2764088.32,2604550.57,3551266.53,3956221.21,4614199.89,4675966.49,5323896.94,5116595.76,5083129.81
"164","Ivaí","Despesas Municipais por Função - Saúde (R$ 1,00)",3313949.82,3731054.47,4584947.04,3721050.95,5002499.87,6050510.08,6717336.05,6998787.19,8886667.78,8536185.69,10435481.94
"165","Ivaiporã","Despesas Municipais por Função - Saúde (R$ 1,00)",5774056.78,7190532.78,7433228.91,9878934.37,13090517.73,12800854.22,15402460.09,16135845.53,20067511.03,22335343.12,26016080.13
"166","Ivaté","Despesas Municipais por Função - Saúde (R$ 1,00)",2610759.88,2657464.99,3336461.67,4014802.86,4595455.5,5248764.89,6028649.46,5985153.46,7954253.85,6897519.14,7317499.56
"167","Ivatuba","Despesas Municipais por Função - Saúde (R$ 1,00)",1516776.03,2007621.23,2191136.82,2461306.37,3743270,3483238.41,4202343.48,4305831.89,4856860.99,4739587.19,4634931.98
"168","Jaboti","Despesas Municipais por Função - Saúde (R$ 1,00)",2459135.99,2837307.04,3391469.4,3530763.54,4359133.64,4405605.9,5448596.24,5526162.4,5446339.45,5801470.05,6925809.01
"169","Jacarezinho","Despesas Municipais por Função - Saúde (R$ 1,00)",7746174.64,10471543.25,12055030.62,12724339.52,17072758.06,18530764.72,20822309.62,21323779.15,24289636.91,26614541.59,28255897.52
"170","Jaguapitã","Despesas Municipais por Função - Saúde (R$ 1,00)",6316635.36,6392383.42,7642829.43,10491497.71,12035908.6,11416768.76,13129286,13308977.62,15234206.47,16389820.77,19926536.43
"171","Jaguariaíva","Despesas Municipais por Função - Saúde (R$ 1,00)",8952237.57,12039120.34,12309074.85,13935709.27,15096803.1,18124593.29,21924932.65,21917169.52,24052271.29,24693163.33,29470120.46
"172","Jandaia do Sul","Despesas Municipais por Função - Saúde (R$ 1,00)",4948666.38,5500690.15,7350760.73,8543833.35,11439453.7,11579170.83,12216310.19,12553102.92,12697678.8,13734464.3,15639543.58
"173","Janiópolis","Despesas Municipais por Função - Saúde (R$ 1,00)",2908036.7,3136745.86,3518362.35,4149175.43,5697275.47,4942899.16,7099106.81,4987323.8,5518279.73,5721782.87,6449204.31
"174","Japira","Despesas Municipais por Função - Saúde (R$ 1,00)",1782160.12,2234803.56,2643057.63,2677092.22,3058253.14,3372996.89,3460258.12,4393813.54,4940563.59,4931139.85,4918145.78
"175","Japurá","Despesas Municipais por Função - Saúde (R$ 1,00)",2658358.88,2917201.3,3662845.22,3408869.33,3951201.43,4857420.14,5489625.18,5747799.06,7063911.3,5820479.96,7609095.47
"176","Jardim Alegre","Despesas Municipais por Função - Saúde (R$ 1,00)",4673819.83,4712557.53,7843050.75,5344388.48,6228110.58,6834355.31,8059998.88,10381977.3,8775077.34,9437883.76,10805566.7
"177","Jardim Olinda","Despesas Municipais por Função - Saúde (R$ 1,00)",1275606.97,1642661.32,2556847.73,2453546.06,2756940.58,2656657.7,2857525.2,2850352.82,3828272.39,3214755.42,3428870.12
"178","Jataizinho","Despesas Municipais por Função - Saúde (R$ 1,00)",2881979.43,3151449.51,3731552.14,3928585.08,4939726.98,4775428.04,NA,5869614.47,5942394.99,6871965.49,7836421.33
"179","Jesuítas","Despesas Municipais por Função - Saúde (R$ 1,00)",3203861.78,3382687.05,4085356.13,4356562.25,5725849.39,5879123.94,6757479.63,6516041.34,7856738.98,7617242.42,9119906.24
"180","Joaquim Távora","Despesas Municipais por Função - Saúde (R$ 1,00)",3389162.57,4389054.15,5233701.44,5592511.33,5815698.69,7104011.57,8390329.94,8889569.03,9340509.51,9664907.83,NA
"181","Jundiaí do Sul","Despesas Municipais por Função - Saúde (R$ 1,00)",1692347.7,2035973.2,2298940.85,NA,2436298.03,2319157.46,3837111.43,3725101.26,4639158.77,4890400.18,5290074.74
"182","Juranda","Despesas Municipais por Função - Saúde (R$ 1,00)",3246912.14,3346087.43,3856566.48,4349988.19,5869646.79,5774497.3,6291047.06,6293212.55,7896398.82,6829550.97,6630684.07
"183","Jussara","Despesas Municipais por Função - Saúde (R$ 1,00)",2772016.52,3297646.55,4054735.13,4776175.14,6186115.78,6611059.17,7246646.34,7740596.57,9343997.61,9218780.91,11701219.04
"184","Kaloré","Despesas Municipais por Função - Saúde (R$ 1,00)",2038281.87,2245605.31,3073596.9,3661898.11,3740097.57,4700173.74,4509493.85,4354148.61,5848817.28,5407904.12,5403791.37
"185","Lapa","Despesas Municipais por Função - Saúde (R$ 1,00)",13287764.97,14625658.28,19094066.61,22062971.81,26069180.71,27472197.04,25472466.82,31568562.42,35915786.36,34941333.07,37071806.23
"186","Laranjal","Despesas Municipais por Função - Saúde (R$ 1,00)",1589495.24,1956539.53,2193512.07,2453909.08,2609240.34,3199083.96,3451827.44,3440286.51,4423331.12,4211491.45,4713063.82
"187","Laranjeiras do Sul","Despesas Municipais por Função - Saúde (R$ 1,00)",7108788.21,10252396,13008178.8,10665765.3,13274354.66,13529407.52,15464652.44,15572349.33,17271245.3,18037792.74,20602709.12
"188","Leópolis","Despesas Municipais por Função - Saúde (R$ 1,00)",1856165.19,2095602.9,2309986.06,3341786.96,2843210.52,3324729.01,3951875.88,4981709.76,4977760.99,4516636.48,4886971.9
"189","Lidianópolis","Despesas Municipais por Função - Saúde (R$ 1,00)",1938465.57,2079805.77,2199635.91,5344388.48,3031386.14,3051686.39,4042684.63,3998001.07,5475292.88,5997649.48,5654900.53
"190","Lindoeste","Despesas Municipais por Função - Saúde (R$ 1,00)",2250139.97,2428222.14,2590401.37,3463853.88,3850172.09,4568811.37,6052291.72,5428697.24,6517096.56,6541745.52,7814027.25
"191","Loanda","Despesas Municipais por Função - Saúde (R$ 1,00)",7006298.6,7396223.98,9020041.66,9175230.2,14640105.31,14047848.36,14618513.49,14573680.99,16552893.93,17899827.14,19850022.86
"192","Lobato","Despesas Municipais por Função - Saúde (R$ 1,00)",1982476.92,2507915.45,2990486.79,3063196.42,3191916.88,3821857.05,4715312.78,4612482.13,5321406.12,4829775.45,5780393.51
"193","Londrina","Despesas Municipais por Função - Saúde (R$ 1,00)",296132113.69,351236444.7,381776683.49,410370946.18,463025071.85,518801342.29,565998153.11,599515962.27,651467911.42,710198025.84,799692232.1
"194","Luiziana","Despesas Municipais por Função - Saúde (R$ 1,00)",2534317.23,3328693.16,3529386.58,4310218.91,4635358.63,5060221.54,6037260.25,6617823.06,7336353.96,7624444.26,9088583.69
"195","Lunardelli","Despesas Municipais por Função - Saúde (R$ 1,00)",1966292.52,2172203.29,2835272.5,2890222.29,3117054.18,3672702.77,4002898.87,5088630.41,4695233.93,5436162.76,4945045.16
"196","Lupionópolis","Despesas Municipais por Função - Saúde (R$ 1,00)",3049616.36,2859999.56,3344432.7,3624015.55,3775898.7,4238539.73,5134821.69,5885661.02,5868834.5,5679436.17,6504009.19
"197","Mallet","Despesas Municipais por Função - Saúde (R$ 1,00)",3612464.96,3801008.87,5026495.14,4772483,6275170.24,6240389.35,7213061.05,8430900.66,11435074.86,9865101.67,11131976.83
"198","Mamborê","Despesas Municipais por Função - Saúde (R$ 1,00)",5253631.65,6084842.87,7074200,8060958.6,9533476.49,9961265.7,12032923.06,12292909.61,15184665.26,13966677.09,15451754.81
"199","Mandaguaçu","Despesas Municipais por Função - Saúde (R$ 1,00)",3978788.02,4620175.76,5740123.21,6967200.37,8420959.93,10193615.26,10307809.47,12501897.14,12925315.36,14888074.32,17130452.72
"200","Mandaguari","Despesas Municipais por Função - Saúde (R$ 1,00)",9901019.68,11279450.84,13710174.68,14760244.33,18412086.15,21599387.17,22227408.31,23138737.69,24838294.38,25158878.94,25563637.4
"201","Mandirituba","Despesas Municipais por Função - Saúde (R$ 1,00)",7855166.68,8501886.26,10582947.08,11915013.2,12182231.69,13648127.15,12417746.58,16086572.99,15738890.31,15585466.46,20951081.26
"202","Manfrinópolis","Despesas Municipais por Função - Saúde (R$ 1,00)",1829371.18,2044541.12,2332353.87,2384405.59,2909801.62,3046464.98,3722223.08,3461881.4,4085581.6,3985125.94,4509753.85
"203","Mangueirinha","Despesas Municipais por Função - Saúde (R$ 1,00)",6432739.52,7478920.57,10136524,8873603.69,10017904.19,11403281.9,13914455.29,17883374.13,23466332.97,23069744.81,26652125.05
"204","Manoel Ribas","Despesas Municipais por Função - Saúde (R$ 1,00)",4223963.55,5189652.48,5799641.64,6778186.36,7174586.22,8488565.3,8485279.19,8788270.09,9867719.93,10495668.8,12214848.98
"205","Marechal Cândido Rondon","Despesas Municipais por Função - Saúde (R$ 1,00)",10810814.56,12933220.79,18252070.69,24285799.32,26277505.28,27518672.38,33058384.5,40640370.92,47135163.13,51178380.16,57352438.01
"206","Maria Helena","Despesas Municipais por Função - Saúde (R$ 1,00)",1946716.99,2521973.22,2864642.2,3932931.2,3570891.45,4763334.47,5220508.01,4974139.46,5702241.79,5230560.39,5694369.36
"207","Marialva","Despesas Municipais por Função - Saúde (R$ 1,00)",8761179.3,9784526.43,11205450.58,11801024.1,15577212.11,19940196.64,20115184.18,23310479.45,26946435.72,25898209.07,29792910.28
"208","Marilândia do Sul","Despesas Municipais por Função - Saúde (R$ 1,00)",3116653.17,3776037.38,5746289.23,5207331.82,5313087.67,6411548.91,6955630.19,7772582.22,9240720.21,9488012.84,9526701.07
"209","Marilena","Despesas Municipais por Função - Saúde (R$ 1,00)",2677765.82,3190415.16,3645429.53,3900133.71,5332429,6114932.37,6739854.25,6120879.91,7588145.79,8109443.21,7732172.45
"210","Mariluz","Despesas Municipais por Função - Saúde (R$ 1,00)",3092956.57,3621552.13,4183421.44,5115872.47,5104177.36,6429965.24,6958369.12,8429772,8358446.46,8483203.69,9252167.99
"211","Maringá","Despesas Municipais por Função - Saúde (R$ 1,00)",181709949.92,206801280.38,241367206.33,275457458.22,302820791.24,341913755.06,371182664.65,420748642.4,509382726.38,496999793.01,526638565.67
"212","Mariópolis","Despesas Municipais por Função - Saúde (R$ 1,00)",2535846.03,2840035.01,3375590.96,4121553.27,4132532.03,4561795.93,5394310.72,5501711.91,6398252.68,6692076.31,6413885.85
"213","Maripá","Despesas Municipais por Função - Saúde (R$ 1,00)",2632059.29,3069508.49,3400174.29,3718920.28,4145110.69,4999417.81,5262594.86,6447715.93,7091890.55,7161258.51,8711272.12
"214","Marmeleiro","Despesas Municipais por Função - Saúde (R$ 1,00)",5796867.74,5813581.5,6952186.83,7983978.52,9440960.3,13378273.61,14893332.31,14871388.86,16278704.13,17196995.8,18125727.56
"215","Marquinho","Despesas Municipais por Função - Saúde (R$ 1,00)",1815984.6,2044549.94,2748570.25,2302196.34,2862433.07,2716806.01,3673172.8,4852217.73,5330980.78,5182237.84,5293824.73
"216","Marumbi","Despesas Municipais por Função - Saúde (R$ 1,00)",1887823.19,2267185.11,2851597,2715734.55,3631011.22,3996366.08,4668266.52,4585299.76,6056887.12,5666225.59,6757835.26
"217","Matelândia","Despesas Municipais por Função - Saúde (R$ 1,00)",5557276.05,5619640.65,6356142.04,7164304.59,7697786.24,10078871.17,12541118.71,13148172.32,15015660.74,15116849.99,16110336.33
"218","Matinhos","Despesas Municipais por Função - Saúde (R$ 1,00)",10267638.5,12174049.43,15152830.52,16337057.62,17837273.9,21864559.49,21295618.25,24914880.49,26066761.66,37113726.54,39785177.54
"219","Mato Rico","Despesas Municipais por Função - Saúde (R$ 1,00)",1699084.76,2365787.17,2624955.99,2612320.27,3004891.85,3650613.86,4413612.78,3993622.26,4726676.79,4276520,4693059.28
"220","Mauá da Serra","Despesas Municipais por Função - Saúde (R$ 1,00)",2914458.86,3223509.81,4020338.58,4083258.74,6402145.23,6577460.05,7286884.52,7590532.18,8290730.12,8694920.86,9633348.83
"221","Medianeira","Despesas Municipais por Função - Saúde (R$ 1,00)",11469489.78,11302856,14687458.89,18690182.81,24006449.49,24992950.67,27675386.04,31600693.73,32482183.35,36081518.38,40942989.96
"222","Mercedes","Despesas Municipais por Função - Saúde (R$ 1,00)",2489089.47,2936855.51,3488293.37,3864403.98,5175033.95,5606066.64,6051378.29,6966278.3,7231896.63,7313108.38,9210837.31
"223","Mirador","Despesas Municipais por Função - Saúde (R$ 1,00)",1440141.15,1907507.8,2097343.92,2402967.43,2703578.55,3100729.59,3187937.26,4390106.86,3956210.94,4087626.91,4521222.82
"224","Miraselva","Despesas Municipais por Função - Saúde (R$ 1,00)",1474543.46,1828859.81,1992119.25,2360178.87,2593489.45,2951134.31,3371258.95,3351980.2,4079378.26,3952006.47,4120170.32
"225","Missal","Despesas Municipais por Função - Saúde (R$ 1,00)",5241876.93,5396092.43,6261594.65,7510640.11,8352654.81,9163656.23,10910610.41,11429224.59,12820025.81,14428490.49,15296751.44
"226","Moreira Sales","Despesas Municipais por Função - Saúde (R$ 1,00)",3428656.31,4344943.18,5193534.64,6357238.42,6885020.15,6892606.75,7249101.64,7896331.73,8357847.2,9629011.64,11313294.95
"227","Morretes","Despesas Municipais por Função - Saúde (R$ 1,00)",4682964.91,5455709.05,6500928.64,8088651.74,10446864.95,9747892.46,9687298.8,8932968.78,10613204.64,10502927.74,12322966.44
"228","Munhoz de Melo","Despesas Municipais por Função - Saúde (R$ 1,00)",2079161.42,1848540.02,2437168.3,2592445.07,3282314.52,3605825.2,4107733.86,4557067.86,5200335.25,5444684.41,5071335.26
"229","Nossa Senhora das Graças","Despesas Municipais por Função - Saúde (R$ 1,00)",1561305.14,2217617.5,2390756.51,2434291.97,3261706.97,3421119.62,3929990.14,4081507.48,4878453.02,3919337.65,5165112.35
"230","Nova Aliança do Ivaí","Despesas Municipais por Função - Saúde (R$ 1,00)",1504123.19,1599432.82,1647427.36,1706860.87,2219537.13,2716982.08,3064593.18,2952016.01,4462761.04,3444272.83,3608111.78
"231","Nova América da Colina","Despesas Municipais por Função - Saúde (R$ 1,00)",1622664.26,2205907.39,2046404.5,2467042.18,3605335.99,3124550,4105360.05,NA,NA,4117447.37,NA
"232","Nova Aurora","Despesas Municipais por Função - Saúde (R$ 1,00)",3614865.31,4211702.3,4922362.69,5994917.72,7292404.1,7730557.42,9212321.27,9239711.33,9739643.67,9809478.82,11972550.54
"233","Nova Cantu","Despesas Municipais por Função - Saúde (R$ 1,00)",2379881.82,2262340.52,2619880.41,3284092.09,3453523.33,3686327.86,4970383.43,5019604.71,6925078.18,7497176.97,7897458.54
"234","Nova Esperança","Despesas Municipais por Função - Saúde (R$ 1,00)",7507637.89,8610475.57,9809171.99,11119895.83,13783844.43,13870106.36,16181778.28,16061102.09,18504193.78,19678235.67,21778705.1
"235","Nova Esperança do Sudoeste","Despesas Municipais por Função - Saúde (R$ 1,00)",2522477.72,2734227.71,3380425.62,3777076.38,4643100.09,4908629.24,5505407.95,5746427.72,6340536.29,5997117.35,6976773.39
"236","Nova Fátima","Despesas Municipais por Função - Saúde (R$ 1,00)",1983499.03,2341375.16,2782710.19,3493494.15,3694014.69,4263540.91,5054118.67,5004663.99,5979147.61,6206063.38,7077513.7
"237","Nova Laranjeiras","Despesas Municipais por Função - Saúde (R$ 1,00)",4608909.77,5283363.02,5494783.29,5842038.27,6915984.52,6007251.23,7820839.24,8276636.27,8335225.48,8686727.29,9579659.61
"238","Nova Londrina","Despesas Municipais por Função - Saúde (R$ 1,00)",4242484.04,3545986.38,5966858.48,6194876.19,7489070.96,8553117.91,8832519.85,9517509.39,13147597.78,11893405.89,15613816.29
"239","Nova Olímpia","Despesas Municipais por Função - Saúde (R$ 1,00)",3079927.91,3089702.89,3902333.31,4224838.16,5088363.98,5079762.14,5846039.77,6389752.45,7994954.51,6487690.17,7583176.92
"240","Nova Prata do Iguaçu","Despesas Municipais por Função - Saúde (R$ 1,00)",4066910.11,4372900.22,5330375.91,5260116.02,6858343.34,7605363.51,9494520.71,8686731.61,9806015.11,9817664.16,11492770.65
"241","Nova Santa Bárbara","Despesas Municipais por Função - Saúde (R$ 1,00)",1673786.57,2124230.73,2361692.05,2423789.93,3467129.12,3365409.47,3348105.7,3777811.95,4535934.99,4111472.94,4492242.53
"242","Nova Santa Rosa","Despesas Municipais por Função - Saúde (R$ 1,00)",3124816.56,3216664.15,3517554.01,3790878.63,4129039.43,5306894.17,5136642.77,6713101.26,7688449.81,7908327.38,8058895.31
"243","Nova Tebas","Despesas Municipais por Função - Saúde (R$ 1,00)",2515212.26,2939282.82,4483827.42,3824558.74,5541470,5336519.39,6572584.21,7790291.94,9301480.96,8837396.43,9825025.61
"244","Novo Itacolomi","Despesas Municipais por Função - Saúde (R$ 1,00)",1467350.6,2107916.28,2321332.43,2201909.81,2886404.09,3267756.03,3832299.34,3532771.62,4309686.69,4010190.09,4974772.54
"245","Ortigueira","Despesas Municipais por Função - Saúde (R$ 1,00)",7309702.15,7483573.9,10461451.75,8088675.62,9870101.43,15778386.28,19676119.74,17946700.68,16276880.02,19284853.04,26300626.34
"246","Ourizona","Despesas Municipais por Função - Saúde (R$ 1,00)",1839496.72,2150262.77,2181518.96,2704140.84,3642584.29,3496196.23,3977969.34,3939585.37,5105195.01,4443564.46,4947714.93
"247","Ouro Verde do Oeste","Despesas Municipais por Função - Saúde (R$ 1,00)",2008445.68,2518606.02,2525722.05,2905666.76,3043418.99,3533483.45,4577022.36,5109245.73,5656903.34,6601235.54,NA
"248","Paiçandu","Despesas Municipais por Função - Saúde (R$ 1,00)",7430396.69,8250509.34,11734237.44,12077910.35,13201825.34,15952514.03,16953630.48,20307595.32,19719165.05,23889738.49,NA
"249","Palmas","Despesas Municipais por Função - Saúde (R$ 1,00)",10476746.39,12373496.01,12693616.27,17446474.79,17209337.08,21109334.13,22555652.77,28413864.95,29678306.61,33144088.55,35127013.4
"250","Palmeira","Despesas Municipais por Função - Saúde (R$ 1,00)",8329991.88,10452509.06,13293563.36,14849496.49,22543117.86,23009184.88,22941736.06,27088624.85,28635556.79,30743745.94,30481849.78
"251","Palmital","Despesas Municipais por Função - Saúde (R$ 1,00)",3592975.38,3733651.44,4405012.33,4474125.21,5924173.71,5099941.32,6783448.53,7200815.41,7614988.35,7378585.01,9032286.75
"252","Palotina","Despesas Municipais por Função - Saúde (R$ 1,00)",9952428.71,11350509.41,12562762.39,15148759.69,20172278.79,23774730.92,28981206.84,31384962.68,33041523.24,33718201.94,39051148.72
"253","Paraíso do Norte","Despesas Municipais por Função - Saúde (R$ 1,00)",3371232.7,3458855.4,4149783.37,5551613.06,5653236.44,6252251.85,6685737.19,8339219.59,9298317.16,9503734.34,10838144.29
"254","Paranacity","Despesas Municipais por Função - Saúde (R$ 1,00)",3476490.46,4408764.47,4735203.57,5617526.22,9158035.38,7922533.94,9823548.37,8058178.61,8500696.4,10046651.87,9123646.38
"255","Paranaguá","Despesas Municipais por Função - Saúde (R$ 1,00)",31963465.42,28305880.14,40774069.06,45969255.37,48719415.92,51701603.93,64005217.36,67990198.42,91594530.88,107981912.58,128652415.53
"256","Paranapoema","Despesas Municipais por Função - Saúde (R$ 1,00)",1930627.89,2289104.02,2340761.01,2498034.76,3195710.72,3846483.72,3733008.55,3922795.48,4691370.47,4165823.7,4477554.41
"257","Paranavaí","Despesas Municipais por Função - Saúde (R$ 1,00)",20758329.66,22751282.08,27784438.82,37162777.98,38170186.02,44287778.74,44882296.34,47474362.45,50879736.03,54841418.61,58761780.53
"258","Pato Bragado","Despesas Municipais por Função - Saúde (R$ 1,00)",3607569.33,3378002.12,4559854.05,4768823.37,5852033.47,5633482.62,5606543.94,7256945.29,8857460.98,9144744.74,10419495.84
"259","Pato Branco","Despesas Municipais por Função - Saúde (R$ 1,00)",47003112.26,56611048.58,63653108.03,77953899.48,93337068.03,91076962.16,106369099.02,122967670.85,122925439.56,126062274.42,140248568.06
"260","Paula Freitas","Despesas Municipais por Função - Saúde (R$ 1,00)",2141893.83,1991955.03,2826980.7,3045774,3255668.57,4517520.13,4245836.8,4258459.78,5038443.22,5098602.27,5299690.33
"261","Paulo Frontin","Despesas Municipais por Função - Saúde (R$ 1,00)",2187307.79,2535104.96,2886083.91,3285893.16,4466140.75,4824302.27,1544813.41,5251883.12,3678054.55,4153207.23,NA
"262","Peabiru","Despesas Municipais por Função - Saúde (R$ 1,00)",3117657.07,3836969.93,4203067.3,NA,5564418.44,6447561.77,7847182.4,7971271.26,9556710.79,9863472.44,11572511.57
"263","Perobal","Despesas Municipais por Função - Saúde (R$ 1,00)",1904290.89,2530537.77,2846134.16,3252486.92,3482480.31,3863835.67,4208105.22,5142535.1,6197654.76,5237139.93,5716092.16
"264","Pérola","Despesas Municipais por Função - Saúde (R$ 1,00)",3234624.61,4114805.21,5090199.48,6096288.01,8230514.88,7640789.66,8960489.09,10867449.4,13096375.14,10703615.44,11988625.16
"265","Pérola d'Oeste","Despesas Municipais por Função - Saúde (R$ 1,00)",2282858.63,2664784.43,3151045.06,4244311.68,4195663.43,4916523.2,5418542.65,5730254.29,6227767.94,6806905.27,7980268.21
"266","Piên","Despesas Municipais por Função - Saúde (R$ 1,00)",4590443.86,5532081.05,6009881.7,6073090.09,6659060.04,7227857.73,9171037.63,11051626.95,12832632.34,11623813.59,13188166.91
"267","Pinhais","Despesas Municipais por Função - Saúde (R$ 1,00)",31587435.69,39631463.9,41671408.4,49724801.9,52963431.33,60314545.92,65950999.45,70552280.09,76891600.81,77662915.5,85009876.3
"268","Pinhal de São Bento","Despesas Municipais por Função - Saúde (R$ 1,00)",1730476.13,1834364.7,1807888,1889451.41,2060633.96,2990169.11,3185373.99,3531823.53,3325934.4,3280804.41,3908910
"269","Pinhalão","Despesas Municipais por Função - Saúde (R$ 1,00)",2065974.65,2500684.7,3600451.65,3214689.88,3831522.26,4355879.83,4724746.29,4715808.47,5853195.9,6013309.7,5715395.9
"270","Pinhão","Despesas Municipais por Função - Saúde (R$ 1,00)",7127722.22,7616108.81,8555930.26,8724451.22,10524318.3,12588206.21,14624276.93,16726922.07,18998631.29,17215329.41,18710305.17
"271","Piraí do Sul","Despesas Municipais por Função - Saúde (R$ 1,00)",7408995.11,7440341.89,9470422.32,NA,15853810.19,15976098.47,19101351.64,18219734.35,18732594.42,20209689.41,22966718.85
"272","Piraquara","Despesas Municipais por Função - Saúde (R$ 1,00)",14933908.95,15832979.06,20968293.74,22293326.73,30107191,32456985.08,35120781.44,36166740.76,38714372.64,39241028.07,47396239.99
"273","Pitanga","Despesas Municipais por Função - Saúde (R$ 1,00)",7872946.11,8965046.44,9763911.78,10312287.65,12041219.23,12536713.02,13949284.23,16947260.36,20708197.38,42525402.7,19022642.65
"274","Pitangueiras","Despesas Municipais por Função - Saúde (R$ 1,00)",1443989.62,1542778.43,1964071.15,2090047.74,2667178.88,2835130.05,2876528.87,3074894.12,3113049.69,3230115.06,3488816.59
"275","Planaltina do Paraná","Despesas Municipais por Função - Saúde (R$ 1,00)",2934922.16,3013352.05,3675337.8,4135093.11,4761009.51,5044376.34,6061315.87,5466045.4,6376079.9,6434420.1,7272611.43
"276","Planalto","Despesas Municipais por Função - Saúde (R$ 1,00)",4408098.45,4279165.24,5325612.84,6051330.31,6914651.63,7284694.16,8596422.7,9310522.28,10248944.7,10857351.99,11983247.21
"277","Ponta Grossa","Despesas Municipais por Função - Saúde (R$ 1,00)",81457069.53,92182794.94,105879866.2,117733895.7,139506592.01,167691078.52,168889114.21,186744775.42,203679056.64,192284961.85,216726155.63
"278","Pontal do Paraná","Despesas Municipais por Função - Saúde (R$ 1,00)",6484542.74,6888816.98,9080195.15,9630676.18,13579603.98,15508823.07,16201334.45,17325731.31,20527508.44,23294256.32,29007451.54
"279","Porecatu","Despesas Municipais por Função - Saúde (R$ 1,00)",4561220.06,5186690.47,6102826.43,7071181.75,7413627.2,7593064.8,8741940.2,8638585.84,10478204.77,8819287.27,11018840.02
"280","Porto Amazonas","Despesas Municipais por Função - Saúde (R$ 1,00)",2198387.24,2372951.99,3080273.96,3083323.44,3950732.98,4089473.59,4143164.51,4308533.69,5137448.59,4361863.9,5245548.61
"281","Porto Barreiro","Despesas Municipais por Função - Saúde (R$ 1,00)",1345732.7,1578591.47,2258071.93,2557976.95,2855159.33,2941879.82,3598495.53,4072367.53,5346073.13,4107145.33,4756382.33
"282","Porto Rico","Despesas Municipais por Função - Saúde (R$ 1,00)",1834777.41,2185271.26,2780312.3,2730133.44,3563880.34,4254629.2,4900251.54,5092101.19,5685033.96,5939385.73,NA
"283","Porto Vitória","Despesas Municipais por Função - Saúde (R$ 1,00)",1512255.08,2131263.63,2245802.27,2930999.75,3815127.58,3594817.31,3632596.96,3619081.12,4937978.58,4359736.29,3975065.23
"284","Prado Ferreira","Despesas Municipais por Função - Saúde (R$ 1,00)",2012472.18,2339648.25,2593807.13,2766705.38,3651149.8,4212396.68,5083662.7,4763624.84,5541358.49,4829600.88,5669253.77
"285","Pranchita","Despesas Municipais por Função - Saúde (R$ 1,00)",2328205.86,2305512.23,2779300.85,3100618.46,3034221.17,3633999.46,4953588.76,4825536.49,5377126.01,5796807.52,8820853.99
"286","Presidente Castelo Branco","Despesas Municipais por Função - Saúde (R$ 1,00)",1948716.54,2582318.92,NA,NA,NA,3519161.16,4909725.99,5015945.68,5054163.31,4792364.09,5780387.65
"287","Primeiro de Maio","Despesas Municipais por Função - Saúde (R$ 1,00)",3978918.73,4656574.27,5349624.86,5084596.75,6752223.29,6623258.3,7673428.76,8524580.21,10139448.37,9773309.91,8828619.13
"288","Prudentópolis","Despesas Municipais por Função - Saúde (R$ 1,00)",9611608.45,10841774.99,12753099.04,14015648.39,17527688.56,17873549.23,22429384.32,21990168.58,23447728.78,24287109.4,25336385.99
"289","Quarto Centenário","Despesas Municipais por Função - Saúde (R$ 1,00)",2149230.8,2244440.45,2801404.12,2983993.74,4847894.7,4305083.75,4583556.2,5247656.03,5439482.41,5732644.21,6011528.47
"290","Quatiguá","Despesas Municipais por Função - Saúde (R$ 1,00)",1881846.48,2444773.8,2896565.35,3288157.92,3719634.06,4085886.37,5105908.68,6435918.96,6534570.04,7235388.21,8780583.86
"291","Quatro Barras","Despesas Municipais por Função - Saúde (R$ 1,00)",7255245.01,9634432.99,9768141.56,9959695.77,11061680.02,13927052.71,16307169.12,16299859.45,18189400.34,20729774.61,19907237.57
"292","Quatro Pontes","Despesas Municipais por Função - Saúde (R$ 1,00)",1741161.92,1890109.34,2093338.25,2426452.49,3089585.9,3219907.61,3373980.62,3703761.94,4485431.14,4380735.72,6273908.71
"293","Quedas do Iguaçu","Despesas Municipais por Função - Saúde (R$ 1,00)",6369949.98,8495008.2,10138724.05,11115413.35,13216203.6,14987763.08,18600267.35,18135625.7,21267614.93,23757771.2,27144247.49
"294","Querência do Norte","Despesas Municipais por Função - Saúde (R$ 1,00)",3988016.44,4579166.62,5715757.77,6113801.52,6860353.57,7961572.47,9162245.4,10721632.44,12423781.08,11238734.88,13143150.34
"295","Quinta do Sol","Despesas Municipais por Função - Saúde (R$ 1,00)",1971255.93,2460859,2706523.94,NA,5047314.74,5133524,4991561.58,5095713.31,6769824.74,5944513.96,6513309.99
"296","Quitandinha","Despesas Municipais por Função - Saúde (R$ 1,00)",3943684.5,5177594.56,6776172.78,7456525.81,7832899.31,8840569.09,10021594.46,11243285.99,14162068.97,11690819.63,13835940.13
"297","Ramilândia","Despesas Municipais por Função - Saúde (R$ 1,00)",1928738.23,2034686.29,2512015.19,2597590.72,3480146.67,3563662.04,3809967.33,3989213.62,4396321.14,4147459.06,4785178.77
"298","Rancho Alegre","Despesas Municipais por Função - Saúde (R$ 1,00)",1271068.47,1811606.38,1543187.03,2362872.91,2979406.45,3199606.04,NA,3545451.03,NA,5248058.24,5523847.67
"299","Rancho Alegre D'Oeste","Despesas Municipais por Função - Saúde (R$ 1,00)",1691687.38,2150607.27,2401967.44,2271600.79,3172842.1,2676090.86,3087734.47,3158902.56,3660935.32,3774233.65,4324168.56
"300","Realeza","Despesas Municipais por Função - Saúde (R$ 1,00)",4262590.2,5230373.18,6375569.01,7380131.29,9582355.94,10675567.95,13035802.45,13660636.48,15386313.58,15712073.12,21410887.76
"301","Rebouças","Despesas Municipais por Função - Saúde (R$ 1,00)",4377024.51,5247736.47,5691381.23,6433522.26,8104692.95,7622337.84,7197243.69,8154660.9,9725785.66,9390119.43,10881043.77
"302","Renascença","Despesas Municipais por Função - Saúde (R$ 1,00)",2709754.98,2990112.16,4155354.89,3694188.57,4186225.68,5025979.4,5582905.39,5585612.59,6194454.16,6418969.52,7057066.84
"303","Reserva","Despesas Municipais por Função - Saúde (R$ 1,00)",6612017.49,7714020.86,9328985.48,10189849.11,11283631.32,11149955.35,13454059.27,14017711.57,15962081.05,16305235.23,18513337.1
"304","Reserva do Iguaçu","Despesas Municipais por Função - Saúde (R$ 1,00)",3543635.54,3339827.62,3693021.35,3856694.14,3699686.4,4325156.62,4876955.53,4394825.23,5070973.64,6460215.72,7039465.51
"305","Ribeirão Claro","Despesas Municipais por Função - Saúde (R$ 1,00)",3099000.62,3288904.72,3985056.68,4677277.81,5758866.33,5935696.98,6345994.83,7479701.62,8112314.96,8190698.71,10336287.26
"306","Ribeirão do Pinhal","Despesas Municipais por Função - Saúde (R$ 1,00)",2528179.38,2914771.5,3765188.25,3851403.23,4531540,5629614.33,6870416.85,6276791.81,8400437.65,6628550.09,7630725.86
"307","Rio Azul","Despesas Municipais por Função - Saúde (R$ 1,00)",3620777.37,4015586.92,4528210.58,5455127.12,6602672.97,7061435.49,6623132.11,7803811.25,8674139.53,8455264.2,11048475.18
"308","Rio Bom","Despesas Municipais por Função - Saúde (R$ 1,00)",1422902.74,1568388.15,1972728.29,2595883.39,2473426.89,3062399.1,3797278.31,3389627.12,4026805.82,4084078.73,3882552.73
"309","Rio Bonito do Iguaçu","Despesas Municipais por Função - Saúde (R$ 1,00)",3975254.74,4347825.74,5285829.96,5734674.79,7043310.13,7352182.15,8333065.19,8559033.01,10825428.19,9431503.77,10103235.77
"310","Rio Branco do Ivaí","Despesas Municipais por Função - Saúde (R$ 1,00)",1898746.66,1958198.58,2405428.36,2609311.37,2888006.76,3260707.97,4605377.88,5456344.64,4795179.57,4850186.38,5217080.46
"311","Rio Branco do Sul","Despesas Municipais por Função - Saúde (R$ 1,00)",10627967.99,10462307.2,12067209.8,16427709.79,15194023.77,16391049.3,17260842.91,16943262.59,18849320.88,20345489.99,24774816
"312","Rio Negro","Despesas Municipais por Função - Saúde (R$ 1,00)",9034519.7,11334818.72,13011449.13,13422351.61,17321756.51,17991966.73,19991652.05,20577647.1,22103938.56,21745101.65,25107012.07
"313","Rolândia","Despesas Municipais por Função - Saúde (R$ 1,00)",17077152.9,19223823.92,24495353.22,26470007.5,28338107.32,32314560.78,41575563.91,47141311.44,50033204.14,49212304.54,55507857.38
"314","Roncador","Despesas Municipais por Função - Saúde (R$ 1,00)",4318093.2,4935814.38,5473889.74,5500758.04,7067364.95,7995910.36,8556196.53,8850537.31,10696633.62,11554502.89,12348221.47
"315","Rondon","Despesas Municipais por Função - Saúde (R$ 1,00)",2794879.63,3363826,4266386.63,4325008.72,5541877.98,6931039.74,7002655.16,7217222.48,8000780.62,7240124.7,7183621.73
"316","Rosário do Ivaí","Despesas Municipais por Função - Saúde (R$ 1,00)",2151405.7,2507875.83,3050170.42,3320385.71,3863516.92,4407006.81,4787948.3,4165259.37,5257737.18,5201695.55,5439336.19
"317","Sabáudia","Despesas Municipais por Função - Saúde (R$ 1,00)",2397095.61,2842481.15,3183682.83,3454338.97,5200391.68,4705343.35,5222488.06,6249835.05,6311953.23,6969391.21,6897690.22
"318","Salgado Filho","Despesas Municipais por Função - Saúde (R$ 1,00)",2140342.76,2377798.86,2840178.64,2810402.53,2976954.34,3242999.86,3852756.8,3850694.18,4646398.03,4571326.33,3962149.97
"319","Salto do Itararé","Despesas Municipais por Função - Saúde (R$ 1,00)",1850185.6,2154358.32,2382192.14,2829883.22,3306313.34,3837305.47,4140802.75,3807634.94,4972690.44,4155922.94,5099107.43
"320","Salto do Lontra","Despesas Municipais por Função - Saúde (R$ 1,00)",3814149.89,4413977.37,5679573.06,6880130.35,7327227.25,9154961.14,10862238.36,10782817.13,11131460.26,11494751.29,14370841.42
"321","Santa Amélia","Despesas Municipais por Função - Saúde (R$ 1,00)",1365800.98,1716370.03,1820601.13,1906819.89,3106402.14,3458024.41,3103295.59,3531463.15,3548964.99,3601572.33,3475083.12
"322","Santa Cecília do Pavão","Despesas Municipais por Função - Saúde (R$ 1,00)",2e+06,2473965.35,2473965.35,NA,2939275.86,4007930.92,4168535.31,4128467.34,4919329.9,4668115.16,5702953.74
"323","Santa Cruz de Monte Castelo","Despesas Municipais por Função - Saúde (R$ 1,00)",3339946.19,3868090.43,4977380.29,6797954.02,5969849.2,6764300.86,6850135.9,7907290.85,9526687.09,8516369.01,9931420.44
"324","Santa Fé","Despesas Municipais por Função - Saúde (R$ 1,00)",2869152.4,3060976.19,3971677.11,4094023.19,6767515.6,5783199.64,6883427.29,7411766.36,7946520.26,7987715.7,8826947.22
"325","Santa Helena","Despesas Municipais por Função - Saúde (R$ 1,00)",9061082.88,10218326.68,10403367.17,12385908.78,15081199.89,16984914.67,20766849.25,21491705.09,26116699.14,30986093.9,45578418.2
"326","Santa Inês","Despesas Municipais por Função - Saúde (R$ 1,00)",1208668.33,1630035.38,1817678.25,2311656.63,2177302.31,2421051.92,2474309.81,2668202.12,3478384.5,3240334.43,3543951.68
"327","Santa Isabel do Ivaí","Despesas Municipais por Função - Saúde (R$ 1,00)",2553157.28,3189355.31,5109676.8,4898658.23,5405244.43,6674821.11,7220319.46,7383905.33,8725805.6,7961151,9031451.32
"328","Santa Izabel do Oeste","Despesas Municipais por Função - Saúde (R$ 1,00)",5427991.95,5095823.34,6340696.05,6866259.23,9221741.5,9505281.04,10424712.8,11007630.94,11584455,13918514.44,14178765.67
"329","Santa Lúcia","Despesas Municipais por Função - Saúde (R$ 1,00)",2043023.24,2462027.98,2631728.11,2608603.78,3763856.98,4017856.27,4512809.89,4541445.34,5020651.92,4598454.38,5754347.4
"330","Santa Maria do Oeste","Despesas Municipais por Função - Saúde (R$ 1,00)",3649730.13,4158907.58,4605761.68,5037070,6902911.21,6479059.47,6592226.87,6711340.81,8457136.51,7770272.86,8900795.09
"331","Santa Mariana","Despesas Municipais por Função - Saúde (R$ 1,00)",4391663.23,4294299.26,5091589.26,6109119.46,8705165.59,8871829.45,10142044.7,10414725.78,11468732.25,11927489.74,13764007.7
"332","Santa Mônica","Despesas Municipais por Função - Saúde (R$ 1,00)",2107947.04,2443733.35,2641233.48,2785664.47,3454434.37,3542168.45,4128687.85,4490691.83,5417789.35,5177002.26,5982978.18
"333","Santa Tereza do Oeste","Despesas Municipais por Função - Saúde (R$ 1,00)",3066599.26,3926222.87,4157496.31,5231683.9,6702477.95,7223635.94,9482838.09,8282366.75,9891374.31,10023101.66,10821135.34
"334","Santa Terezinha de Itaipu","Despesas Municipais por Função - Saúde (R$ 1,00)",7669156.83,8754907.78,10548272.07,12240422.09,18910828.1,15866694.95,19227043.55,19560658.61,21317783.74,24442213.67,25658509.54
"335","Santana do Itararé","Despesas Municipais por Função - Saúde (R$ 1,00)",2086854.57,2287448.75,2822161.49,3392055.41,4128893.04,4177278.58,4340409.7,4768165.58,5679783.94,4535977.18,6504393.34
"336","Santo Antônio da Platina","Despesas Municipais por Função - Saúde (R$ 1,00)",8694656.76,10278803.56,10665096.63,11943338.88,17939619.88,19402971.9,23916985.83,24682275.4,28401529.09,26240861.97,29692299.5
"337","Santo Antônio do Caiuá","Despesas Municipais por Função - Saúde (R$ 1,00)",1856249.08,2534409.93,2582593.93,2626839.32,3082806.18,3750510.53,4319289.47,3429700.13,4696607.13,4625544.4,5325109.38
"338","Santo Antônio do Paraíso","Despesas Municipais por Função - Saúde (R$ 1,00)",1715999.89,1950401.77,2106459.44,2274872.34,3159871.16,3221347.76,3830363.03,3918756.32,4390643.91,4006345.11,5052429.76
"339","Santo Antônio do Sudoeste","Despesas Municipais por Função - Saúde (R$ 1,00)",4570128.41,5229690.24,6516497.19,8674501.01,9738257.86,9584735.44,11672651.74,12091064.49,13417486.97,14107500.83,16129985.71
"340","Santo Inácio","Despesas Municipais por Função - Saúde (R$ 1,00)",1827677.44,2413695.95,3221295.65,3852766.1,4505267.68,5388116.17,5934857.1,5247719.64,5869987.75,6190300.24,7340879.04
"341","São Carlos do Ivaí","Despesas Municipais por Função - Saúde (R$ 1,00)",2926879.09,3468706.55,3964885.71,5025829.88,6251581.78,6382923.86,6828469.81,7625444.22,8054244.44,7792466.14,8244687.36
"342","São Jerônimo da Serra","Despesas Municipais por Função - Saúde (R$ 1,00)",3551431.72,4093114.63,4695079.67,4881440.07,5625403.69,6779154.55,7936063.57,7613678.29,8760168.22,8981641.49,9060558.17
"343","São João","Despesas Municipais por Função - Saúde (R$ 1,00)",3630512.35,3954425.64,4849365.76,5271269.21,6456751.77,8452787.64,9862383.41,8895884.98,10039779.07,10382118.09,11553285.26
"344","São João do Caiuá","Despesas Municipais por Função - Saúde (R$ 1,00)",2394838.94,2783128.9,3580766.23,3447416.42,4679066.99,5073912.29,5259196.04,5203489.96,5443157.58,5781268.69,7579855.88
"345","São João do Ivaí","Despesas Municipais por Função - Saúde (R$ 1,00)",3509363.62,4515700.62,4731804.58,5921093.48,7760834.13,7779982.34,8662398.35,9470189.96,10409024.4,10564889.82,11808236.7
"346","São João do Triunfo","Despesas Municipais por Função - Saúde (R$ 1,00)",4015139.1,4064242.9,4850150.98,5613957.66,7021737.71,7235768.73,9081994.15,7863888.35,9996195.99,10235628.96,11480289.68
"347","São Jorge do Ivaí","Despesas Municipais por Função - Saúde (R$ 1,00)",2109818.05,2458011.58,3051079.73,4532328.64,4358007.58,5071757.03,5506959.81,6101427.77,7113093.04,6670433.74,6983956.91
"348","São Jorge do Patrocínio","Despesas Municipais por Função - Saúde (R$ 1,00)",3466620.33,3976096.46,4689504,5615701.82,6323561.88,7367290.76,8803271.77,8553406.52,9603633.71,9934843.95,11097567.94
"349","São Jorge d'Oeste","Despesas Municipais por Função - Saúde (R$ 1,00)",4270374.47,5497069.76,6527901.42,7074369.84,8770199.95,9396642.12,10582391.68,9786809.96,11131978.59,11401942.48,12107310.84
"350","São José da Boa Vista","Despesas Municipais por Função - Saúde (R$ 1,00)",2560902.03,2971113.12,3503645.23,3746278.2,4234360.31,5144342.63,6536637.34,6551496.62,6771606.49,5874102.86,NA
"351","São José das Palmeiras","Despesas Municipais por Função - Saúde (R$ 1,00)",1458130.68,1806895.3,2030028.28,2589907.32,2767447.51,3363028.68,3432986.58,3950667.36,4793741.61,4317167.47,4811411.15
"352","São José dos Pinhais","Despesas Municipais por Função - Saúde (R$ 1,00)",151256013.98,189007996.12,204442096.98,209405086.95,172041787.55,198063093.83,269261145.95,177236941.71,214879425.32,273401708.5,300738072.64
"353","São Manoel do Paraná","Despesas Municipais por Função - Saúde (R$ 1,00)",2008140.87,1809869.84,2130742.51,2601660.32,2381913.89,2549436.74,3304064.54,4015558.62,4306215.69,4451573.56,4083948.84
"354","São Mateus do Sul","Despesas Municipais por Função - Saúde (R$ 1,00)",12491543.7,13910850.61,16039597.36,21260399.34,21517474.43,25662682.55,25334450.93,24957638.76,28268717.43,28002269.2,29104391.69
"355","São Miguel do Iguaçu","Despesas Municipais por Função - Saúde (R$ 1,00)",12092748.08,12071808.9,13637711.56,16531618.29,19043658.06,21195746.14,24281662.91,26127125.45,29688528.44,33442387.5,36710062.73
"356","São Pedro do Iguaçu","Despesas Municipais por Função - Saúde (R$ 1,00)",2522658.9,2680681.61,3177326.39,3140814.5,3727987.33,4618251.47,5049578.78,5859383.29,6115478.48,6945931.88,6802963.31
"357","São Pedro do Ivaí","Despesas Municipais por Função - Saúde (R$ 1,00)",3372866.08,3157966.29,3801067.21,5068374.05,6206641.87,7639471.35,8022302.15,7909331.52,9355618.64,7598296.63,9002518.99
"358","São Pedro do Paraná","Despesas Municipais por Função - Saúde (R$ 1,00)",1936095.53,2461707.21,3038765.05,3255625.57,4178491.48,4144948.44,3995470.07,5108168.77,4963572.12,5408803.29,5786473.2
"359","São Sebastião da Amoreira","Despesas Municipais por Função - Saúde (R$ 1,00)",3521298.65,3764318.87,4171244,4498734.86,5172778.88,6228283.19,7574613.82,6919703.65,7941354.17,7754863.06,8252229.18
"360","São Tomé","Despesas Municipais por Função - Saúde (R$ 1,00)",2240189.54,2717914.17,2894291.04,3383714.48,4464453.03,4393815.17,5086838.28,5332394.67,5283206.44,5827110.62,5829591.15
"361","Sapopema","Despesas Municipais por Função - Saúde (R$ 1,00)",2526962.58,2878676.97,3585965.42,3578115.53,4148922.41,4688574.86,6309630.02,5751689.28,6349007.24,5719532.76,7961319.57
"362","Sarandi","Despesas Municipais por Função - Saúde (R$ 1,00)",13318304.96,14885112.04,18019142.42,22049521.49,31218035.31,26216569.4,33152011.77,35202610.7,40195521.5,36163841.2,41377293.22
"363","Saudade do Iguaçu","Despesas Municipais por Função - Saúde (R$ 1,00)",3185449.71,4021852.47,4143959.55,5157464.78,6689556.81,8220098.72,9920252.39,9724571.18,10842610.28,14222762.82,11233196.86
"364","Sengés","Despesas Municipais por Função - Saúde (R$ 1,00)",4490394.87,5333353.96,6052504.69,7481693.14,9528904.87,8866957.53,9458594.95,10457992.34,14153729.04,14001223.52,13407965.57
"365","Serranópolis do Iguaçu","Despesas Municipais por Função - Saúde (R$ 1,00)",2931159.04,3079989.76,3909085.85,4378263.39,5102060.22,5552078.19,5679529.82,6030377.8,6049094.44,6458552.93,6908711.88
"366","Sertaneja","Despesas Municipais por Função - Saúde (R$ 1,00)",3138738.47,3515992.83,3812064.64,4553683.24,5245238.2,5674558.51,7314979.61,8789251.38,8708578.11,8437821.9,9859108.96
"367","Sertanópolis","Despesas Municipais por Função - Saúde (R$ 1,00)",6013808.67,6579444.35,7406240.08,8011348.48,10310817.86,10786426.96,14757795.73,14948875.15,15778774.61,17619935.45,17819989.63
"368","Siqueira Campos","Despesas Municipais por Função - Saúde (R$ 1,00)",3811861.06,4330372.18,5776103.01,6614549.88,8083775.07,9965914.1,10790487.82,11780829.74,12176331.78,10948814.56,12317896.76
"369","Sulina","Despesas Municipais por Função - Saúde (R$ 1,00)",2035460.63,1947576.45,1733837.91,2314345.13,3154319.05,3101572.35,3399456.54,4339249.64,4345929.16,4514364.1,4780754.23
"370","Tamarana","Despesas Municipais por Função - Saúde (R$ 1,00)",4117672.59,4831420.11,5789062.74,6672297.93,7853648.96,9543176.61,10742607.03,10437381.28,11748771.38,11851758.48,13033864.43
"371","Tamboara","Despesas Municipais por Função - Saúde (R$ 1,00)",2073843.28,2383340.34,2726646.38,2862923.04,3167880.89,3671297.81,4354361.66,4846036.7,5649975.07,5610281.04,5679172.65
"372","Tapejara","Despesas Municipais por Função - Saúde (R$ 1,00)",4299463.38,4887678.86,5787972.99,6406100.72,8573109.21,8446022.54,10136326.38,12868939.43,14651612.54,14873240.27,15885906.48
"373","Tapira","Despesas Municipais por Função - Saúde (R$ 1,00)",2210482.02,2751183.89,3545326.84,3982849.06,4758589.94,4657176.97,5147789.27,5695537.92,5602321.17,6229586.89,6623479.35
"374","Teixeira Soares","Despesas Municipais por Função - Saúde (R$ 1,00)",3642148.45,3464636.24,4021118.43,4659871.61,5777128.85,5291403.67,5887359.91,6732268.47,7572107.29,8147071.41,11307654.56
"375","Telêmaco Borba","Despesas Municipais por Função - Saúde (R$ 1,00)",13895627.26,16486559.95,23692831.74,23865128.19,29583093.77,30362255.94,34103419.27,39278041.33,53099586.62,48522263.17,47839498.92
"376","Terra Boa","Despesas Municipais por Função - Saúde (R$ 1,00)",6257043.56,7466661.89,8732560.19,10110900.68,12382154.56,14429853.03,17154674.1,17550367.91,20882337.68,21524916.3,30063207.38
"377","Terra Rica","Despesas Municipais por Função - Saúde (R$ 1,00)",5847705.09,6633404.54,7803958.95,8988345.25,9619188.6,10945396.85,12475327.82,14092207.46,15061247.12,17028747.06,18002436.41
"378","Terra Roxa","Despesas Municipais por Função - Saúde (R$ 1,00)",3805203.24,4727099.95,6203445.18,7150779.27,10467931.19,9480573.18,11784232.93,12544196.01,13205027.77,15190308.28,15671542.19
"379","Tibagi","Despesas Municipais por Função - Saúde (R$ 1,00)",6557722.72,7348743.95,9145146.43,8316063.33,10885353.29,11954270.86,13415048.97,13860133.92,16444933.07,18559217.53,20276314.67
"380","Tijucas do Sul","Despesas Municipais por Função - Saúde (R$ 1,00)",5754706,6571248.88,7994297.92,9758377.37,10406607.28,12623778.99,13130916.22,10596304.79,10818336.66,11316232.17,12734602.16
"381","Toledo","Despesas Municipais por Função - Saúde (R$ 1,00)",33183113.6,36306705.56,63184230.25,48170721.3,62940934.13,70038451.35,84932286.87,100927371.4,106878884.23,120165723.4,135586333.98
"382","Tomazina","Despesas Municipais por Função - Saúde (R$ 1,00)",2334077.06,2825769.47,3074139.22,NA,3436489.13,3659026.73,3803967.4,4359963.8,5176826.43,6838722.95,7415429.14
"383","Três Barras do Paraná","Despesas Municipais por Função - Saúde (R$ 1,00)",4746923.45,5688222,6784172.47,7799084.29,9250345.49,9125836.55,10263276.57,10663846.51,11591218.41,11560113.94,13498118.91
"384","Tunas do Paraná","Despesas Municipais por Função - Saúde (R$ 1,00)",2988422.63,3114131.13,3596911.12,3742133.95,4689318.91,4901950.71,5596489.69,4585668.91,5789253.87,5015306.87,5386598.57
"385","Tuneiras do Oeste","Despesas Municipais por Função - Saúde (R$ 1,00)",2769212.81,3479401.5,3965973.92,4782090.72,6427100.17,6534371.48,6951945.73,6898818.83,8591573.3,9917302.26,11087210.01
"386","Tupãssi","Despesas Municipais por Função - Saúde (R$ 1,00)",2576290.19,2879802.21,3707602.58,4070866.59,5283044.44,4937115.15,6377905.81,6295103.91,7567381.91,8316867.21,11403936.48
"387","Turvo","Despesas Municipais por Função - Saúde (R$ 1,00)",4475501.55,5409630.08,6564957.99,6222744.74,6849935,7956863.57,8504426.51,8323819.78,10078778.52,11387350.96,11887194.99
"388","Ubiratã","Despesas Municipais por Função - Saúde (R$ 1,00)",5408504.34,6348681.27,7707335.24,8816830.39,11161290.2,11643469.22,14940962.86,17140831.55,20730353,21558134.55,24639930.87
"389","Umuarama","Despesas Municipais por Função - Saúde (R$ 1,00)",45877943.47,50168334.85,53364063.25,65069361.28,77789935.5,88510567.61,99137755.15,113917234.35,141122472.84,145323680,174036065.75
"390","União da Vitória","Despesas Municipais por Função - Saúde (R$ 1,00)",11133078.07,13096705.65,14812484.26,17379591.28,19760372.14,20084707.4,23527762.7,24869502.04,28127365.71,28398913.17,29845430.54
"391","Uniflor","Despesas Municipais por Função - Saúde (R$ 1,00)",1346539.53,1656302.49,2060393.74,2249554.09,1944406.56,2331753.06,2374695.3,3129368.9,3510928.29,2998937.12,3204523.58
"392","Uraí","Despesas Municipais por Função - Saúde (R$ 1,00)",2809207.47,3106552.3,3694084.39,NA,4067975.13,5586475.29,6220902.41,6263569.13,7666245.91,7271807.16,8498744.17
"393","Ventania","Despesas Municipais por Função - Saúde (R$ 1,00)",5291738.56,5418911.32,5684184.92,5993089.38,7313598.63,8541841.73,8823730.93,9012010.56,9810565.64,9801616.58,11502532.48
"394","Vera Cruz do Oeste","Despesas Municipais por Função - Saúde (R$ 1,00)",2413396.38,3240925.11,3288798.32,4415700.12,5518669.6,4981828.71,5875160.76,6869323.08,8415481.37,7821172.38,8031405.14
"395","Verê","Despesas Municipais por Função - Saúde (R$ 1,00)",2985946.3,3129625.56,4141952.61,4329078.81,5317438.5,6025979.9,7821350.08,8110684.52,7834145.12,8417549.04,9343686.22
"396","Virmond","Despesas Municipais por Função - Saúde (R$ 1,00)",2030531.93,2137199.94,2614992.62,2695560.02,3000725.57,3723360.26,4071082.1,NA,5134317.53,5374205.25,4632781.72
"397","Vitorino","Despesas Municipais por Função - Saúde (R$ 1,00)",2644358.56,2489953.55,3443734.93,3291581.11,3490170.61,4636289.1,5684483.2,6127757.74,5982569.06,6644730.82,6513462.95
"398","Wenceslau Braz","Despesas Municipais por Função - Saúde (R$ 1,00)",4879072.03,5152437.2,6377456.44,7338003.87,8765081.42,9632037.2,10762650.79,11710701.77,12029774.85,10693551.12,13945577.34
"399","Xambrê","Despesas Municipais por Função - Saúde (R$ 1,00)",2764865.91,2841492.4,3212445.23,7304752.74,3965940.47,5929421.94,5454889.3,5438083.86,6690438.43,5768809.66,6426638.64
